brand,conversion_rate(%)
dotemu,50.0
htl,20.0
pixiebelles,20.0
casela,14.285714285714285
prajm-evroznak,12.5
lamel,11.11111111111111
yoshioki,11.11111111111111
yokito,11.11111111111111
doona,10.0
maja,9.090909090909092
kursiv,9.090909090909092
ogreen,8.724832214765101
ecologystone,7.6923076923076925
bouncin,7.6923076923076925
likatoprofessional,6.606606606606606
atlas,6.25
superfine,6.122448979591836
lykan,5.88235294117647
toway,5.861136158701533
roingto,5.833333333333333
jinyu,5.729166666666666
constancy,5.64516129032258
chaod,5.555555555555555
asil,5.405405405405405
kaier,5.369127516778524
ea,5.1937441643324
drgans,5.188679245283019
hikma,4.878048780487805
skil,4.827586206896552
tyrex,4.635922330097087
unikum,4.615384615384616
kunlun,4.56140350877193
yota,4.545454545454546
vasden,4.545454545454546
casada,4.470890961724027
plamers,4.444444444444445
raceready,4.436860068259386
uragan,4.370761115297664
zanry,4.3478260869565215
crusader,4.3478260869565215
trichup,4.3478260869565215
sisley,4.23728813559322
hjc,4.096385542168675
metoyou,4.054054054054054
moony,4.026503567787971
vasin,4.0
drhedison,3.8461538461538463
simurg,3.829787234042553
roadcruza,3.816046966731898
petitfee,3.8095238095238098
heidelbergcement,3.7735849056603774
orium,3.71599203715992
samga,3.65296803652968
salvatoreferragamo,3.5897435897435894
merries,3.5411565266528533
nutricia,3.5407445977609995
joonies,3.5398230088495577
abk,3.5294117647058822
kainar,3.522099447513812
krasnaapresna,3.4482758620689653
exclusive,3.414634146341464
wess,3.414634146341464
deestone,3.404255319148936
bloomsbury,3.3175355450236967
sunfull,3.307888040712468
huggies,3.3035854078597153
merejbaspasy,3.296703296703297
apple,3.295592702005825
lamelprofessional,3.278688524590164
aeolus,3.2347140039447733
firestone,3.2346995037676898
drsea,3.225806451612903
andeks,3.1578947368421053
organiczone,3.149606299212598
samsung,3.134168073831706
hollicy,3.0985915492957745
otani,3.0927835051546393
instyle,3.061224489795918
foxconn,3.0303030303030303
bars,3.000826201499634
sweety,2.9828850855745723
sordiant,2.9525797793021176
hitechnic,2.945205479452055
pampers,2.945154019534185
vdovichev,2.941176470588235
piter-trejd,2.941176470588235
mediheal,2.912621359223301
cordiant,2.9071995793461496
carmex,2.898550724637681
genesis,2.897661416785982
forlux,2.8846153846153846
trianglegroup,2.8735632183908044
tokler,2.8694404591104736
bel,2.857142857142857
haken,2.857142857142857
sunwide,2.7928854916948405
acron,2.7777777777777777
manuoki,2.774694783573807
triangle,2.750749719749166
powertrac,2.7304014325082866
fitnessbody,2.727272727272727
halei,2.724177071509648
rodi,2.705882352941176
kumano,2.7027027027027026
vard,2.7027027027027026
marcher,2.7027027027027026
sonyinteractiveentertainment,2.657935285053929
roadmarch,2.649325626204239
energenie,2.6490066225165565
compasal,2.6367507369800194
voltman,2.6322173702086364
santacruz,2.631578947368421
tamron,2.631578947368421
heinz,2.631578947368421
screecherswild,2.631578947368421
joyroad,2.6044370218240087
melissadoug,2.564102564102564
matador,2.554808677257657
nokian,2.553860227286054
luxuryconcept,2.5
yvessaintlaurent,2.4956758092414133
viatti,2.4936867668828593
akom,2.493064680975325
moschino,2.490059066517392
navien,2.4858152232095065
bestoy,2.479720371958056
roadx,2.4762222593025194
monisstil,2.4691358024691357
diamond,2.4546827794561934
zuru,2.450980392156863
volta,2.424732269145282
korin,2.4193548387096775
dagee,2.417582417582418
patrino,2.4154589371980677
joko,2.4096385542168677
boto,2.4096385542168677
armos,2.4
likebook,2.380952380952381
elvin,2.380952380952381
element,2.3710546574287914
yokohama,2.3553673679822733
steba,2.3529411764705883
faans,2.3529411764705883
galanz,2.336380786533159
modern,2.33362143474503
amalbooks,2.3307436182019976
arg,2.3139103598629633
elenberg,2.311198818507492
rockdale,2.3081052066559313
scivation,2.307692307692308
genki,2.302631578947368
comfee,2.3010184835910974
omron,2.2784384770475996
voyager,2.272727272727273
coty,2.2705157314304247
riche,2.263648468708389
homage,2.2556390977443606
wtflabz,2.2556390977443606
tatami,2.247191011235955
naturalist,2.247191011235955
gislaved,2.240601008270454
electronicarts,2.237762237762238
esse,2.2346368715083798
enchantimals,2.2222222222222223
hatchimals,2.2222222222222223
mazzini,2.2222222222222223
apacer,2.220488239884071
belkin,2.209944751381215
zobo,2.2082018927444795
evamosaic,2.2058823529411766
kirkland,2.1801491681009755
ariston,2.177283153941166
lanvin,2.1707164383362207
gamma,2.168265387689848
tunga,2.1602558355001644
oppo,2.1580635511533606
krosno,2.1459227467811157
maxi,2.142857142857143
veritas,2.1378941742383755
victoriassecret,2.1361815754339117
amtel,2.132407636994793
kivi,2.122346167686218
m-wave,2.112676056338028
taxi,2.1052631578947367
chayka,2.096839546191248
sweetyhome,2.083333333333333
sowell,2.083333333333333
universal,2.083333333333333
portcase,2.079284881461329
prestigio,2.0778932637004424
kapsen,2.076800189337909
gk,2.0618556701030926
garanterm,2.0536361439961346
genau,2.043283066651318
sava,2.0424871805920626
giorgioarmani,2.037489812550937
madina,2.03125
naturasiberica,2.013422818791946
viviennesabo,2.01020102010201
goodyear,2.0064004173312866
huawei,2.001666500582003
nestogen,1.996816669078281
rowenta,1.9939308561936067
europrint,1.992619926199262
sheba,1.967005076142132
dfz,1.9607843137254901
gigawatt,1.9595751969852688
comforser,1.9488384705776012
defalucy,1.948051948051948
sun,1.9417475728155338
g.skill,1.9417475728155338
naranda,1.937984496124031
illumico,1.910828025477707
lorealparis,1.910828025477707
strong,1.910828025477707
caravanmusic,1.9101123595505618
vokul,1.9047619047619049
thermex,1.9034757724831999
fitwell,1.9031141868512111
haday,1.9003595274781717
goodride,1.8928050372418028
meike,1.8867924528301887
kiddieart,1.8790849673202614
perilla,1.8783510279444662
schecter,1.873536299765808
wellneo,1.8691588785046727
epson,1.8674804542447034
graffitisound,1.8633540372670807
badlandgames,1.8578352180936994
polistil,1.8518518518518516
tuarex,1.8518518518518516
rimmel,1.8518518518518516
naomi,1.8404907975460123
samo,1.839080459770115
transcend,1.8332908488401733
solite,1.828358208955224
zarkoperfume,1.824817518248175
voltmaster,1.824632539280284
w-star,1.8211920529801324
newbright,1.8181818181818181
acqua,1.8134715025906734
hyper,1.808066759388039
maxxis,1.807402903397431
ocz,1.8018018018018018
pirelli,1.7990257870737818
aoteli,1.7955801104972375
naughtydog,1.7931034482758619
goo.n,1.7913593256059008
kabrita,1.7869656622284513
hibertek,1.7857142857142856
asel,1.779040045441636
alexandre.j,1.7741935483870968
magma,1.768172888015717
on,1.7674418604651163
hipp,1.7647058823529411
leefitness,1.7642341619887731
carhome,1.763367463026166
koelf,1.7543859649122806
libbey,1.7543859649122806
lina,1.7521902377972465
kormoran,1.751231334532093
bulgari,1.7505780210446846
brahner,1.7500000000000002
bosher,1.748682883084856
bioworld,1.744186046511628
ecocool,1.7412451361867705
tcl,1.7400290004833414
tizianaterenzi,1.7391304347826086
kingston,1.739107486870926
michelin,1.7359014861433875
xiaomi,1.7270613175347993
enlightenbrick,1.7241379310344827
nexen,1.7234012248967385
willmark,1.7215826842214104
bestlife,1.718213058419244
aeg,1.7170762444864522
originalamnet,1.7167381974248928
santa-cruz,1.7094017094017095
bsn,1.708724680321376
sofit,1.7045454545454544
next,1.6980146290491118
farroad,1.6952563006187433
t-rex,1.694915254237288
hifly,1.691418021882551
foligain,1.6901408450704223
leadbros,1.688471430168847
promozer,1.688411358403684
colorfix,1.6867469879518073
valentino,1.683816651075772
mojdodyr,1.680672268907563
alilo,1.6785564414603442
konami,1.6771488469601679
cerruti,1.675977653631285
bridgestone,1.6744954766875435
babycare,1.6736401673640167
rochas,1.6728624535315983
daewoo,1.6726403823178015
micmax,1.6711590296495957
dymatize,1.669195751138088
denn,1.6689321854704726
jbl,1.6684111091362708
optiplus,1.6666666666666667
vionne,1.6666666666666667
achilles,1.6666666666666667
redpower,1.6666666666666667
gorizont,1.6666666666666667
daiwerina,1.6611295681063125
zhejiang,1.6602809706257982
bourjois,1.6591928251121077
natrol,1.658374792703151
nitto,1.657303370786517
sailun,1.6564497195774095
beyond,1.6555876081775993
westa,1.6554986204178164
exnihilo,1.6519823788546255
barer,1.650943396226415
qiangchi,1.6444306546695624
mutant,1.6432217104444167
xinyu,1.642935377875137
haier,1.64272266026577
avtotent,1.639344262295082
saeshin,1.639344262295082
oribel,1.639344262295082
merach,1.639344262295082
ubisoft,1.6283834789172866
selby,1.627770151010002
artel,1.6257646354203528
skylor,1.625
delkor,1.6233766233766231
nutrilon,1.618416463201953
montblanc,1.6181229773462782
grow-with-me,1.6155243284580825
xlmedia,1.6129032258064515
ching-ching,1.6129032258064515
midea,1.6092788714227317
ovation,1.608744394618834
remington,1.6082825887087104
hilo,1.6072214883311318
weifeng,1.6044260027662516
hubert,1.6025321503339647
beko,1.6021844442084452
vitek,1.5888894446389568
mirage,1.588242266208368
mof,1.5873015873015872
sharp,1.5873015873015872
joe,1.5873015873015872
fli,1.5845824411134906
timberk,1.5818848668473928
uvelirnyetradicii,1.5772870662460567
infinity,1.576263328697265
work,1.574803149606299
a-mega,1.5742128935532234
lancome,1.573730801240826
tigar,1.5729565863982153
pikate,1.57244477723699
crona,1.5696533682145193
aria,1.5675426463808206
cacharel,1.5670342426001163
holder,1.5643802647412757
pnb,1.5634971282705807
cressi,1.5625
traxxas,1.5625
lioele,1.5625
beeline,1.560693641618497
neoclassic,1.5555555555555556
mhp,1.550387596899225
masstone,1.548913043478261
dynamic,1.5474919957310567
habilead,1.545446064865201
bond,1.544943820224719
aplus,1.543460601137287
x-foot,1.5384615384615385
glanzen,1.5384615384615385
seasonic,1.5384615384615385
zeetex,1.537838931606637
atoll,1.5375854214123008
tp-link,1.53686585356621
versace,1.535528126903897
toyo,1.5346958756578144
oral-b,1.5338526063511084
roadstone,1.5316077003121749
lacoste,1.5286567430252251
goform,1.5240833932422717
pqi,1.520912547528517
renova,1.5206864327584744
vivo,1.51685523062823
weider,1.5151515151515151
riken,1.5151515151515151
taitong,1.5151515151515151
varta,1.5102184913505667
babyswing,1.5055668016194332
zhejiangjiajia,1.5053763440860215
bombora,1.5037593984962405
cortland,1.5029614160019171
maxler,1.4990006662225184
olto,1.4983083615273078
jimcarrey,1.4981273408239701
elari,1.4950373759343982
gemei,1.4948453608247423
indesit,1.4943305878978395
miescarpe,1.4925373134328357
nirmal,1.4925373134328357
pika,1.4925373134328357
azzaro,1.4917127071823204
shenma,1.4912357198918635
creed,1.4904485340424043
kelly,1.48975791433892
oasis,1.4877540806277143
jigott,1.4814814814814816
powerman,1.4814814814814816
montale,1.478640813111803
dunu,1.477832512315271
riga,1.4770057066129574
adile,1.4760147601476015
tv-shop,1.4730878186968839
lucente,1.4718859478451065
kakadu,1.4705882352941175
martinez,1.4705882352941175
starline,1.4679847718121857
mtx,1.4678899082568808
polo,1.4675052410901468
mutsy,1.466275659824047
kpt,1.465201465201465
repetto,1.4634146341463417
daewooelectronics,1.4598540145985401
kumho,1.4576526765518973
nika,1.4571455131383242
sho-me,1.454656815832791
regent,1.4533258803801008
boucheron,1.4519056261343013
niio,1.4512471655328798
eneos,1.4492753623188406
turbosound,1.4492753623188406
vardoven,1.4492753623188406
mammut,1.4457090126115042
plantronics,1.4449652497171488
decoroom,1.4438660249484334
mercedes,1.4431082331174838
bauer,1.4424568296970324
ciaobimbi,1.4423076923076923
iwalk,1.440299582313121
rode,1.44
tefal,1.4394966062591628
dermacol,1.4344707672245165
bbk,1.4342058085335245
ferre,1.4336917562724014
huanger,1.4329580348004094
rempire,1.4285714285714286
sony,1.428079301231863
sven,1.4277153400548799
zte,1.4254989246236183
westerndigital,1.4245014245014245
berlingerhaus,1.423948220064725
philips,1.4175993786487027
tecno,1.4168297455968688
bradex,1.4124293785310735
klima,1.4119527573039696
nacon,1.4104372355430184
magic,1.4084507042253522
roxykids,1.4084507042253522
guerlain,1.4079785450888367
doliva,1.405152224824356
ural,1.4018691588785046
mexx,1.3993541442411195
hoover,1.3986560400062509
bamboo,1.3986013986013985
crybabies,1.3966480446927374
zing,1.3953488372093024
jinjianfeng,1.39426800929512
ast,1.3924050632911391
stark,1.390355508623724
lovular,1.3901760889712698
stealth,1.3888888888888888
mif,1.3888888888888888
alphaline,1.3879709187045606
m-audio,1.3876251137397635
microlab,1.3874066168623265
vasilisa,1.3859275053304905
marmiton,1.3856812933025404
onhillsport,1.384083044982699
aardwolf,1.383399209486166
dinamical,1.3824884792626728
evga,1.377726750861079
continental,1.377140965052226
dunlop,1.3764168997497424
laudio,1.3754045307443366
eurolux,1.3733717129336
braun,1.3720567564354496
lg,1.3719419270939164
jinga,1.3713803470647186
doublefish,1.36986301369863
terminus,1.36986301369863
annaite,1.36986301369863
totaku,1.36986301369863
ravenol,1.36986301369863
qplay,1.36986301369863
tomford,1.3675213675213675
peterhof,1.3673959445037354
ramili,1.3671875
kukmara,1.3616494526323935
starway,1.3614703880190604
gosh,1.361349511689849
wenyi,1.3605442176870748
dior,1.3591586533753746
guangwei,1.3582342954159592
partner,1.3576580398812048
delmax,1.3553768245457254
bombbar,1.353637901861252
geil,1.352299298519096
garage,1.3513513513513513
jet,1.3502023603033704
organicshop,1.3477088948787064
texet,1.3472806117382237
gimi,1.3469827586206895
simpleparenting,1.342281879194631
ersport,1.3412476456823241
houseofseasons,1.3396375098502757
royalblack,1.335113484646195
revuele,1.3333333333333335
harleybaby,1.3333333333333335
niznekamsksina,1.328502415458937
muscletech,1.3206550449022716
brateck,1.3192845758809988
kristal,1.3192612137203166
hoco,1.3180220579323718
stagg,1.317833341684622
creo,1.3157894736842104
mr.pixel,1.3157894736842104
palmers,1.3143483023001095
brkpress,1.3142174432497014
peg-perego,1.3126209924925634
glamglow,1.3087128002868411
tsubaki,1.308139534883721
dunhill,1.3078826440438318
seagate,1.3075965130759652
baldessarini,1.3064133016627077
adata,1.3028030003947888
ballarini,1.3019529293940912
startradingab,1.2987012987012987
barty,1.2987012987012987
hotmom,1.2968299711815563
defender,1.296129805634044
huter,1.293951430170874
edge,1.2928109710367488
adil,1.2915950881211427
avizor,1.2915129151291513
lemaks,1.2910798122065728
xp-pen,1.2880241161962183
unit,1.2869373101353216
changhong,1.2859480944587327
burberry,1.2858347386172007
redmond,1.285150406126123
sonel,1.2826183104820876
uniforce,1.282051282051282
privia,1.282051282051282
steelseries,1.2785231051484922
diamant,1.2774358378817792
isntree,1.2767710049423393
baboo,1.276595744680851
mosconi,1.276595744680851
capcom,1.2736395214203011
chigo,1.2733060482037288
chloe,1.2711864406779663
hankook,1.2703089305920279
akvafor,1.266039349871685
irest,1.2658227848101267
kiturami,1.264367816091954
svc,1.2639598303177215
autopower,1.263537906137184
floresan,1.2591815320041972
qvs,1.257396449704142
elizavecca,1.2561857632280167
advan,1.2557077625570776
maribel,1.2552301255230125
aqua,1.2545739675901726
topicrem,1.2485811577752552
sms,1.2484993997599039
tacx,1.2481857764876634
birusa,1.2445887445887447
eurogold,1.2430939226519337
stels,1.2419081488067123
awei,1.2413212707763517
serebro,1.2392638036809815
deta,1.2373602980308676
gucci,1.2369648952494285
eviza,1.2368300503893723
kingslong,1.2367491166077738
hyperx,1.2347040017638629
cityrover,1.2345679012345678
zaharov,1.2345679012345678
denso,1.2345679012345678
alexandermcqueen,1.2345679012345678
comfortzone,1.2345679012345678
olmio,1.234320120421475
avatar,1.231212024304445
nikai,1.2307692307692308
canon,1.2300842169175934
ballu,1.2295132056562497
acer,1.2253877765632133
redragon,1.2250092803733361
leone,1.2244897959183674
wster,1.224403630990078
rusgoldart,1.2238529426105613
dox,1.2231126107127794
nintendo,1.2229539040451554
rosetta,1.2209302325581395
skazocnyjpatrul,1.2195121951219512
konig,1.2195121951219512
medalist,1.218769043266301
belecoo,1.218393102132415
blenderbottle,1.21765601217656
oursson,1.2168724039080325
orico,1.2161632012553942
babyliss,1.21548301051802
remax,1.2136591824350416
hori,1.2121212121212122
palit,1.2117553202958236
zlatek,1.209902093449017
babyzen,1.2086890372749557
secretgourmet,1.2048192771084338
zvezda,1.2048192771084338
avermedia,1.2048192771084338
jocelyn,1.2048192771084338
ford,1.2048192771084338
blumarine,1.2012012012012012
polaris,1.200258120025812
king,1.1983072862110864
saferich,1.1979259789021992
trussardi,1.1976047904191618
similac,1.1952191235059761
porsche,1.1946241911398707
marshall,1.1908010617976135
nicecooker,1.1907124429450289
hellomaggie,1.1904761904761905
buttonblue,1.1904761904761905
ocag,1.1904761904761905
bmw,1.1897174421074994
eltempo,1.1896622453165595
rosa,1.1862103052020263
moonybaby,1.1859838274932615
maxcity,1.1853448275862069
ipower,1.1844331641285957
jabra,1.1839829719302915
qazprotein,1.183431952662722
s.a.n.,1.1831726555652935
nokia,1.1811291419687107
popurri,1.1804384485666104
zeta,1.1802667336696708
wacom,1.1797616151787886
ningbo,1.1764705882352942
racer,1.1761221813258873
mersco,1.1727912431587177
micio,1.1727078891257996
sapphire,1.1718268163315653
i-baby,1.1673151750972763
maxpro,1.1661807580174928
leader,1.164021164021164
federal,1.1627906976744187
cettua,1.1627906976744187
sumdex,1.1617013303353942
pupa,1.1578449905482042
vt,1.1571254567600486
alaia,1.1560693641618496
leven,1.1560693641618496
optima,1.1547344110854503
steelpower,1.1544011544011543
damper,1.153846153846154
finish,1.152832674571805
teploross,1.152771308802981
ventura,1.1520737327188941
delta,1.1518900865340824
crucial,1.151315789473684
canyon,1.1508274079899845
crystallux,1.1494252873563218
paiste,1.1494252873563218
kenzo,1.1478730587440917
kehan,1.1428571428571428
tridevatoecarstvo,1.1428571428571428
janome,1.1424241731468265
meinl,1.14140773620799
beautycreations,1.1401743796109993
dauscher,1.1395659594360383
rapoo,1.1390602752728998
chanel,1.1386576943509827
kipocket,1.1363636363636365
rivertoys,1.136152368361255
pocketbook,1.1347829270078336
yasin,1.1339269489369435
erdenet,1.133651551312649
maxwell,1.1333880486184391
deepcool,1.132694001369997
k-star,1.1299435028248588
rucelf,1.1282051282051282
metsui,1.1280690112806901
haeger,1.1278195488721803
volkl,1.1278195488721803
terris,1.1244377811094453
centek,1.1242270938729624
uralsport,1.1235955056179776
bayerlux,1.1235955056179776
deerma,1.1235955056179776
aimoto,1.1220985870564615
carwel,1.1214953271028036
vlk,1.1194029850746268
furreal,1.1173184357541899
force,1.116338904688362
dsquared,1.1146496815286624
harper,1.1141352733192584
qazaqkhan,1.1111111111111112
parkwood,1.1111111111111112
rimax,1.1102423768569194
daisy,1.1093810821331258
mart,1.1093209371120678
alvitek,1.1081667068176344
gerber,1.1076280041797284
x-race,1.1074197120708749
biotherm,1.107011070110701
bfgoodrich,1.103965422969771
homy,1.102588686481304
ultravit,1.098901098901099
joby,1.098901098901099
nivea,1.0968229954614221
bambola,1.0942801165957854
cenmax,1.0934182590233545
xerox,1.0929439538340473
becker,1.092896174863388
qq,1.092896174863388
veston,1.090836969456565
adagio,1.08991825613079
panasonic,1.0887718806175657
olympus,1.0880316518298714
imetec,1.0869565217391304
hightechway,1.0869565217391304
monkey,1.0869565217391304
centurion,1.086749285033365
rivacase,1.0865815798551224
pituso,1.0829929988331388
purederm,1.0817307692307692
alpinapabliser,1.0810810810810811
meizu,1.0808733857899397
yamaha,1.0804720831871155
protherm,1.0802469135802468
lenovo,1.0799859431941954
nutrex,1.0792525773195876
holicy,1.078167115902965
exide,1.0781224083595953
hotwheels,1.0752688172043012
phanteks,1.0752688172043012
tutu,1.0752688172043012
tizo,1.0752688172043012
mutlu,1.075032909170689
max,1.06951871657754
babymoov,1.06951871657754
gkhair,1.069435833849969
sinbo,1.0677466863033873
thomas,1.0663379166366713
akro,1.0638297872340425
givenchy,1.0609972567371309
grape,1.060585973750497
avs,1.0602205258693809
krause,1.0593742301059375
wingoffly,1.0590836792489429
lite-on,1.055662188099808
lorelli-bertoni,1.054702872884691
nasomatto,1.0539994224660698
deviser,1.0534236267870578
dds,1.053159478435306
nikon,1.053021075839102
scarlett,1.0528701169662
lamarkahome,1.0526315789473684
ballistix,1.0526315789473684
lirene,1.0518766435572555
pyrex,1.0516934046345812
bertoni,1.0505706508762713
apollo,1.049888880373975
triumphnord,1.0498687664041995
zeppelin,1.0498409331919405
akai,1.0491803278688525
sonny,1.0471204188481675
toshiba,1.046465945212329
beyerdynamic,1.0452961672473868
saturn,1.0451984291533527
joyor,1.0443864229765014
now,1.0441767068273093
moulinex,1.0439907387918332
rinnai,1.0422632000916274
damixa,1.0416666666666665
kicx,1.039487781235651
shogun,1.0389610389610389
bardahl,1.0385446434794732
vestel,1.0378827192527245
agu,1.0362694300518136
akg,1.0355695632597928
genius,1.0310590631364562
sjrc,1.0309278350515463
sabi,1.0309278350515463
kleancolor,1.0309278350515463
delux,1.0302225441667674
cort,1.0296870821075155
maytoni,1.0282776349614395
flight,1.027621416415761
squier,1.0275380189066996
san,1.0273972602739725
havit,1.0269576379974326
mars,1.0268562401263823
eksmo,1.0259917920656634
hellion,1.0256410256410255
fengnix,1.0256410256410255
llarri,1.0256410256410255
babyono,1.0256410256410255
crossstreet,1.0230179028132993
tuka,1.0225763612217795
total,1.0223942848587255
redken,1.0217113665389528
abtoys,1.0204081632653061
celine,1.0204081632653061
alesis,1.0202543096949288
moser,1.0179350460494425
joie,1.0172603193234315
ozkaplan,1.0169491525423728
kx,1.0169491525423728
profiko,1.0169491525423728
kangkang,1.015228426395939
aerocool,1.0145417653026716
homeart,1.0140845070422535
hisense,1.0134684624616614
minerva,1.0133578995854444
rovigo,1.0121457489878543
babytime,1.0112430123735945
ibox,1.0110077006661313
continent,1.0102440636359344
raveltex,1.0101010101010102
longstyle,1.0101010101010102
pearl,1.0101010101010102
fujida,1.009501187648456
teknum,1.0092514718250631
nioxin,1.0091743119266057
rainbo,1.009152781037315
alis,1.0087147464489123
casio,1.007976159172583
huile,1.007705986959099
deluxe,1.0068872585716424
granhel,1.0060820405647992
spinmop,1.0052447552447552
maxtrek,1.0052162573353618
tech-line,1.0036801605888257
calorie,1.002049647005238
satura,1.0017752979964494
alteco,1.0002244093226043
swisshome,1.0000421958732435
gf,0.9986150594066623
inoi,0.9983083060086464
arrivo,0.9982638888888888
electrolux,0.9973577059689854
pasabahce,0.9967866745360352
hobbyworld,0.9966777408637874
musclepharm,0.9966777408637874
santeri,0.9961606309017329
husqvarna,0.9959257582616569
garrett,0.9946081767261687
axis,0.9941115344648425
panouge,0.9940357852882704
art-visage,0.9933774834437087
d-clinic,0.9933774834437087
candy,0.9932768891413174
verbatim,0.9915014164305949
wonderlab,0.9915014164305949
wagner,0.990916597853014
gamemax,0.9901980396079215
edelform,0.9900990099009901
kawai,0.989068193649141
calvinklein,0.9887005649717515
davidoff,0.9882643607164917
ducray,0.9857612267250823
cullmann,0.9852216748768473
mauboussin,0.9852216748768473
petro-canada,0.9832272990167726
sakura,0.98159509202454
microsoft,0.9804264855212017
batik,0.9803921568627451
botas,0.9803921568627451
ga-de,0.9798775153105862
nakamichi,0.9794824208681308
fly,0.9792004321988115
toro,0.9786004834050581
magicbeartoys,0.9771986970684038
logitech,0.9761109684048292
crown,0.9736292544210432
phantom,0.9735416503101202
granicom,0.9716599190283401
fisher-price,0.9711779448621554
nutrilak,0.9708737864077669
larocheposay,0.9708737864077669
ams,0.9685230024213075
razer,0.967925602581135
bernina,0.9671179883945842
garnier,0.9667571234735414
hp,0.9667414336943656
wingo,0.9658725048293626
mystery,0.9649608479000238
brother,0.9645020724837922
topface,0.9638554216867471
sokolov,0.9630951641020633
softoy,0.9628610729023385
sinotex,0.9627459187944746
allocacoc,0.9615384615384616
troyka,0.9610983981693364
babys,0.9599470374048328
sports,0.9592326139088728
dinastia,0.9586692908386769
arpenaz,0.9584664536741214
nutribullet,0.9578544061302682
shakira,0.9577464788732395
falmec,0.9569377990430622
marley,0.9564293304994688
csmedica,0.9541984732824428
mancera,0.9540164090822362
byredo,0.9533537623425264
sksportivnaakollekcia,0.9528346831824679
arnica,0.9527597490644153
huion,0.9515407398071712
teamgroup,0.9508716323296356
wahl,0.9507346585998271
flexter,0.949367088607595
afnan,0.9490667510281556
altenzo,0.9487666034155597
acuvue,0.9487283003633428
turbo,0.9483133053424063
kolo,0.9473684210526316
lalique,0.9445100354191263
shaik,0.9444444444444444
ssm,0.9433962264150944
eveline,0.9433962264150944
groundzero,0.9433962264150944
energizer,0.9433962264150944
vihr,0.9424524824935502
lexmark,0.9416195856873822
jvc,0.9402441636324695
pride,0.9358593928326865
wonlex,0.9352731591448931
aquamarine,0.9345311854605534
gabor,0.9331259720062209
domyos,0.9328919650917845
machaon,0.9320109929501732
bravis,0.9316770186335404
urgaz,0.9302325581395349
walkmaxx,0.9302325581395349
darina,0.9302031259887364
gopro,0.9294054489330291
admira,0.9287925696594427
epr,0.927414368739953
ecotex,0.9273136005994754
cailyn,0.9271523178807948
bosch,0.9262066855712329
mikasa,0.9259259259259258
atlant,0.9247805313234341
x-game,0.924610423291162
bioderma,0.9236878453038675
incanto,0.923281057073881
k.k.y.,0.9230769230769231
keter,0.9208103130755065
rockstargames,0.9205020920502093
kambrook,0.9202453987730062
doupro,0.9202453987730062
akel,0.9202453987730062
diamondunion,0.9176018352036704
tesler,0.9174311926605505
cocoonababy,0.9174311926605505
standard,0.9174311926605505
sariel,0.9148486980999296
libero,0.9146341463414633
pioneer,0.914459442251369
whistler,0.913937547600914
stihl,0.9136174683659952
zapco,0.91324200913242
intro,0.9130982367758186
delsey,0.9129111722938704
turboair,0.9116541353383458
avene,0.9113264863301027
plextor,0.9104704097116844
vichy,0.910411622276029
bonita,0.9101251422070534
rextor,0.9098786828422877
ogiz,0.9090909090909091
kitfort,0.9090272182716223
takeit,0.9084556254367574
energolux,0.904977375565611
compliment,0.9041591320072333
initioparfumsprives,0.9036144578313252
uomo,0.9036144578313252
rant,0.9029484029484028
sandisk,0.902668759811617
hansa,0.9026559426431833
nuna,0.9020295665246805
resanta,0.9019075744273287
danielklein,0.9018311992289687
neptun,0.9009009009009009
strunal,0.9009009009009009
steppuzzle,0.8999470619375332
desatoekorolevstvo,0.8995502248875562
autojet,0.8988764044943821
iddis,0.8986928104575163
helios,0.8982035928143712
babor,0.897196261682243
gesso,0.8958566629339306
santek,0.8957654723127036
gewa,0.8955635161201433
efremov,0.894336744088171
usams,0.893216924110141
delonghi,0.8931136238999295
planetaorganica,0.8928571428571428
nortec,0.8904109589041096
tucano,0.8903728436282694
beyblade,0.8896797153024912
uno,0.8895131086142322
merkurij,0.8888888888888888
proma,0.8888888888888888
nexttab,0.888523241464418
alphard,0.8878658336073659
nadoba,0.8878127522195319
fendi,0.8860759493670887
umi,0.8854993090034294
stavia,0.8849557522123894
zelmer,0.8839623965202751
xing,0.8827049670855776
smiger,0.8823529411764706
skytech,0.8820286659316428
ivaru,0.881057268722467
hygge,0.8792009156175216
d-link,0.8791360930361345
coopervision,0.8775595486836606
sega,0.8774780630484237
yegam,0.8771929824561403
kingmeda,0.8771929824561403
spider-man,0.8771929824561403
vitaluce,0.8767123287671232
karcher,0.875803596384981
lumene,0.8755703539277346
missha,0.8749910349279207
escada,0.8731808731808732
s-oil,0.8712487899322363
phoenix,0.8698056763618995
forward,0.8692365835222978
travelite,0.869061413673233
jomalone,0.8687258687258688
neoline,0.868378841792806
electronicsdeluxe,0.8675534991324465
jockey,0.8673305493093478
zimakrasavica,0.8670520231213872
pinghudakebabycarrier,0.8670520231213872
titan,0.8656937917388079
bykilian,0.8653846153846154
benebaby,0.8646998982706002
galaxy,0.8642720118218854
adelline,0.8638211382113822
westone,0.8620689655172413
globex,0.8620689655172413
llocker,0.8620689655172413
miracase,0.8610086100861009
swat,0.8606568755379105
arktika,0.8602150537634409
rapid,0.8598188238906802
kelli,0.8591299604527478
sparta,0.8585041352031644
autoprofi,0.8584294962003941
jaguar,0.8580479806421829
flormar,0.857843137254902
atlantic,0.8574928542262148
nero,0.857449088960343
antika,0.8566978193146416
knauf,0.8566978193146416
fassen,0.8562167451532016
matrol,0.8549578965457983
usborne,0.8547008547008548
joker,0.8547008547008548
bio-tekstil,0.8547008547008548
battipav,0.8534322820037107
dispho,0.8532423208191127
bethesda,0.8519961051606622
velo,0.851063829787234
horizont,0.8493016073559345
alumet,0.8490566037735849
morel,0.8485931219294328
amos,0.847457627118644
kurzweil,0.8460236886632826
gehwol,0.8441193021947102
joyroom,0.8440366972477064
rimmellondon,0.8438818565400843
bartek,0.8436162175774364
calypso,0.8403361344537815
vulli,0.8403361344537815
drjart,0.8403361344537815
reluce,0.8393285371702638
besafe,0.8379888268156425
reima,0.8375819373634377
esthetichouse,0.837138508371385
crescina,0.8361204013377926
imx,0.8360637216133769
almacom,0.8360156094226223
larsen,0.834326579261025
collistar,0.8342271481349065
medela,0.8338678640153944
organickitchen,0.8333333333333334
adamas,0.8333333333333334
g-cube,0.8333333333333334
maidou,0.8333333333333334
polese,0.8324661810613945
cifyurm,0.831129580657348
changerobot,0.8310249307479225
enough,0.8298755186721992
xgimi,0.8292499057670562
patriot,0.8290027220984905
alpine,0.8271847288973128
defredesign,0.8264462809917356
davinci,0.8264462809917356
hohner,0.8264462809917356
buggy,0.826086956521739
buderus,0.8243500317057704
sennheiser,0.8233218516340419
lider,0.8230494959977805
gauss,0.8215962441314555
jackson,0.8204193254329991
ava,0.8197900186969652
navitel,0.8195881569511321
avel,0.819088319088319
medeli,0.81799591002045
maomaoku,0.8171393256883883
mobil,0.8142605633802816
kaemingkbv,0.8130081300813009
fea,0.8130081300813009
nanotex,0.8130081300813009
shell,0.8115874495184839
mebelswow-rn,0.8107074569789674
insight,0.8106116433308769
bq,0.8097960098632593
aeroforce,0.8097744278289914
llorens,0.8096348793397327
mersedes-benz,0.8090614886731391
biostar,0.808457711442786
autoline,0.8072653884964682
dyson,0.8072056943304772
danke,0.8070258723000238
vaiper,0.8064516129032258
maxmara,0.8064516129032258
cougar,0.8051827857473391
pny,0.8047044258743422
legre,0.8041391347712255
cellucor,0.8038585209003215
shivaki,0.8022200409592709
funville,0.8021390374331552
akpo,0.801300661944025
ronas,0.8
edcon,0.8
altacto,0.8
a-case,0.7989487516425756
geneticlabnutrition,0.7988380537400145
monsterjam,0.7978723404255319
dsp,0.797373358348968
farmavita,0.7970244420828906
vegas,0.7968211252207551
bio-oil,0.796812749003984
lorelli,0.7967029525610992
kenwood,0.7959743353588573
era,0.7957559681697612
romanson,0.7954951734000715
stiga,0.7951277279648113
torrent,0.7947304360277798
muqaba,0.7936507936507936
nzxt,0.7933645870897944
powcan,0.7933104631217838
calve,0.791651673263764
selective,0.7911392405063291
mercedesbenz,0.7886435331230284
hyundai,0.787828056526663
quatro,0.7845934379457917
biovea,0.7843137254901961
ray-ban,0.783725195931299
christina,0.7835455435847208
trust,0.7816377171215881
normann,0.78125
chilok,0.78125
bene,0.780076274124581
flama,0.7791503873167867
dizel,0.7790588968526021
ghnfitness,0.7782101167315175
fujifilm,0.7768329119742589
dfc,0.7765314926660914
rossinka,0.7761642463695543
laurastar,0.7759699624530664
acme,0.7745734129819647
audio-technica,0.7740270909481831
dearest,0.7729468599033816
royallondon,0.7722007722007722
edon,0.7701967350355797
dwt,0.7700424309094582
bravat,0.7695423248278656
nomi,0.7692307692307693
elite,0.768775872264932
blaupunkt,0.7672167082749802
maxvi,0.7668202764976958
karavaevskaauf,0.7662835249042145
agness,0.7650045204812574
ty,0.764748725418791
powerplant,0.7637588918008237
prada,0.762883387825004
bburago,0.7627118644067797
xieming,0.7619047619047619
verossa,0.7611241217798594
colgate,0.7607192254495159
scovo,0.7604562737642585
belux,0.7604562737642585
gigabyte,0.7597081941346631
hubeiindustrialaimiletrading,0.7590132827324478
murager,0.7580543272267846
ewt,0.7575757575757576
polini,0.7564805164240326
stonelock,0.7564296520423601
cersanit,0.7564207810484344
tanglewood,0.7547169811320755
nocnezna,0.7547169811320755
rooman,0.7534525528527527
krk,0.7531865585168018
shindo,0.7530120481927711
ergo,0.7514944491887275
manfrotto,0.7514216084484159
coballe,0.7508878741755454
trebl,0.7488853983213544
hertz,0.7484988895895595
kastamonu,0.7483629560336763
forsage,0.7482014388489209
x-digital,0.7476635514018692
ripol,0.7462686567164178
dopdrops,0.7462686567164178
tuncmatik,0.7462686567164178
luxvisage,0.7456828885400314
htw,0.7454739084132056
farmstay,0.74487895716946
jetair,0.7445775331822596
barneo,0.7441930391640983
florentina,0.7441860465116279
segotep,0.743801652892562
toyota,0.7430647291941875
boneco,0.7429420505200593
apc,0.7419183889772125
sdt,0.741839762611276
keune,0.7410021171489062
freya,0.7407407407407408
subini,0.7404875825928458
rondell,0.740390776180645
erismann,0.7389162561576355
condtrol,0.7383343177790904
epiphone,0.7380073800738007
lador,0.7380073800738007
pdw,0.7371913011426465
asus,0.734598042368002
byintek,0.7345739471106758
krups,0.7343941248470013
glasman,0.734341252699784
redford,0.734131466004066
smile,0.7340075961251227
kinklight,0.7326007326007326
trespass,0.7326007326007326
sachiko,0.7326007326007326
tpmaster,0.7318695941450433
mamadoma,0.7318037974683544
shure,0.731536226074757
note,0.7299270072992701
casper,0.728760467940932
gran-stone,0.7286432160804021
greenland,0.7285974499089253
caramelia,0.7282296065112295
ccm,0.7277882797731569
kugoo,0.7269294312013217
elikor,0.7266385699752943
yika,0.7263922518159807
wenge,0.725673446948873
maunfeld,0.7250848503548288
swissline,0.7246376811594203
trinx,0.7246376811594203
salmo,0.7240017551557701
mitasu,0.7235068804085686
aurora,0.7234726688102894
superlux,0.7228915662650602
artmusical,0.7225621663845853
nuxe,0.7218479307025986
erlit,0.721218057163209
askona,0.7211809337790632
mbs,0.7197290431837425
aruna,0.7194244604316548
poppops,0.7194244604316548
hb,0.7191955193482689
fisher,0.7189072609633357
skad,0.7188165142944666
tutti,0.7186489399928134
romana,0.7174836413729767
onkron,0.7166123778501629
relouis,0.7157464212678937
lemark,0.7155094225536631
lcf,0.7154650522839846
attribute,0.7144898542440697
sarabella,0.7142857142857143
orla,0.7142857142857143
dunya,0.7132667617689016
solostyle,0.712468193384224
tima,0.7124352331606217
ibanez,0.7123775601068566
cyberpower,0.7113821138211381
huntkey,0.7111111111111111
hermes,0.7109004739336493
id-cooling,0.7102549134072776
rush,0.7096145818839572
e-blue,0.7092198581560284
albertocasiano,0.70859167404783
hanma,0.70859167404783
kingtony,0.7074279939363315
inhouse,0.7061639736684621
interos,0.7058823529411765
indigo,0.7056451612903225
humana,0.7052186177715092
zotac,0.7051282051282052
brumer,0.7048458149779736
blaster,0.7042253521126761
gazpromneft,0.7000976880494952
elco,0.6980802792321117
ortega,0.697211155378486
gezatone,0.6971953731579782
rombica,0.6965641386867027
honor,0.6961392855083882
redblu,0.6944444444444444
asrock,0.6937145259617407
machete,0.6929320926549198
chameleon,0.6927662316739166
riko,0.691699604743083
mjx,0.6915629322268326
deppa,0.6908279307046444
centrpravilnogosna,0.6902263942573164
weina,0.6896551724137931
yusufhali,0.6894287590282338
laston,0.6893156080748399
amd,0.6892884170910801
kipardo,0.6892551267615246
colourpop,0.6892230576441103
bugaboo,0.6891271056661562
olmeko,0.6885758998435054
axper,0.6882538017829052
anytek,0.6874112093854544
ugreen,0.6873977086743044
marshal,0.6873490618614155
aiken,0.6872852233676976
bergner,0.6871463217461601
ausini,0.6864161849710982
fender,0.686267156678917
desigual,0.6858710562414266
fivestars,0.6856221012300867
biotech,0.6854531607006854
sulu,0.6854531607006854
olsa,0.684931506849315
julbo,0.684931506849315
orivel,0.684931506849315
shiseido,0.6835611870623541
bodysculpture,0.6826585758983597
madcat,0.6818181818181818
nitro,0.6814185228604923
domani-spa,0.6805526912765518
alerana,0.6802721088435374
his,0.6802721088435374
powercolor,0.6799830004249894
piatnik,0.6798866855524079
wellberg,0.6785343657699369
strobbs,0.6772627622925149
blackbox,0.6769462203836029
myprotein,0.676818950930626
okuma,0.6765899864682002
elf,0.6762132060461415
longway,0.6758490888869878
landsail,0.6756756756756757
p.i.t.,0.673536989326463
erbis,0.6734913793103448
htc,0.6730769230769231
jacqueslemans,0.672645739910314
marcomen,0.672564226854096
nexpero,0.6724635676871747
kerasys,0.6714225765841376
dexp,0.6711409395973155
acm,0.6703910614525139
versale,0.6700860357379219
ivt,0.6700017866714312
yoya,0.6699730270599495
qnt,0.6692160611854685
remain,0.6683731513083049
skyworth,0.6682734443470639
cocochoco,0.6681514476614699
popov,0.667693888032871
embryolisse,0.6670372429127293
shima,0.6666666666666667
dahon,0.6666666666666667
gorenje,0.6662011086871883
kawasaki,0.6650041562759768
alcasta,0.6643046944198405
greta,0.6641827312489875
upright,0.6640106241699867
sportelite,0.6626319742015284
qmax,0.6605473106288068
roland,0.6603677740526263
luminarc,0.66021675040485
ekel,0.6600660066006601
ritmix,0.6598010123930879
reebok,0.6589921538746679
academie,0.6578947368421052
burton,0.6577181208053691
parkcity,0.657030223390276
castrol,0.6557854852812591
graf,0.655307994757536
besty,0.6551518761167362
edufun,0.654624803006425
winda,0.6535947712418301
rizmo,0.6535947712418301
packing,0.6535947712418301
jika,0.6528835690968444
kale,0.6525285481239804
masteryard,0.6521739130434783
focal,0.6520198440822111
respect,0.6519444686015163
motul,0.6504065040650406
stern,0.6493506493506493
yunteng,0.6493506493506493
marcjacobs,0.6493506493506493
aoc,0.6487889273356401
spinmaster,0.6484149855907781
aiko,0.6483790523690772
kuttenkeuler,0.6480356419603078
bork,0.6467148262813898
aero,0.6466891338008927
kativa,0.6455399061032864
nz,0.6432748538011697
millionaire,0.6426459877468832
noktamakro,0.641920178621267
nici,0.641025641025641
gefest,0.6408576002141769
kingtul,0.6406685236768802
orient,0.6370871081644333
khw,0.6369426751592357
carver,0.6366103109997913
head,0.6363422106999764
kronasteel,0.6336826712161833
finezza,0.6333122229259025
rebus,0.6332825143661311
stabila,0.6329113924050633
dremel,0.6323396567299007
alctron,0.631911532385466
jetpik,0.6318681318681318
cybex,0.6316542189734626
armani,0.6312248820548663
startline,0.6304176516942475
makeblock,0.6298449612403101
zubr,0.6297311406943357
siger,0.6295907660020986
orto-bed,0.6292474200855777
guerisson,0.628930817610063
actiontrack,0.628930817610063
nixx,0.628930817610063
chicco,0.6283905545336558
dvizenie,0.6279434850863422
luxell,0.6268958543983822
cellio,0.6264424662050775
maxcolor,0.625
al-ko,0.623608017817372
rastar,0.6216074242689547
ditreex,0.6211180124223602
corpus,0.6211180124223602
teslastyle,0.6201550387596899
mercusys,0.6191950464396285
dongma,0.6191950464396285
suave,0.6188118811881188
intego,0.6183745583038869
unilux,0.6179651291105717
ilife,0.6175930562510432
ifree,0.6172839506172839
etor,0.6171315724512466
escan,0.6169683335037666
glamvers,0.6165919282511211
dewalt,0.61629269562953
camshel,0.6160164271047228
master,0.6145251396648044
konlega,0.6142146826557473
bochetti,0.61419104574107
ronthompson,0.6125574272588056
anon,0.6124532153793808
skillmax,0.6124234470691163
ortopazl,0.6116207951070336
gskill,0.6114508060033352
alkor,0.6113715100876299
oneplus,0.6105791232917978
maestro,0.6099518459069021
motorola,0.6098406098406098
scooter,0.6092254134029591
playme,0.6089647599081561
rostok-mebel,0.6082725060827251
smashbox,0.6069676561070924
mustela,0.6060606060606061
zenmart,0.6060606060606061
inspector,0.6053580628541989
vinzer,0.6048048384387076
timson,0.6027610344157106
renberg,0.6024096385542169
chieftec,0.6021505376344086
sjcam,0.6019830028328611
msi,0.6012817743213077
maxima,0.5995717344753747
fagor,0.5988023952095809
travellight,0.5988023952095809
hanowa,0.5986743639084883
mykronoz,0.5983246908655764
theshinestonetrade,0.5976095617529881
baltekstil,0.5975954738330975
cityup,0.5971769815418024
stendmebel,0.5966118340289712
dkny,0.5955107650022904
goliath,0.5952380952380952
falken,0.5952380952380952
simfer,0.5949345571987081
unison,0.5943536404160475
orange,0.5936422826503256
neposeda,0.5934718100890208
aquapick,0.5934718100890208
adamex,0.5930565735989871
bibalina,0.5926724137931034
acv,0.5915813424345847
vega,0.5910176383267101
dsland,0.5906965296578882
eurolight,0.5905511811023622
mentor,0.5905511811023622
rw,0.5905511811023622
tontarelli,0.5903187721369539
bela,0.5897771952817824
michaelkors,0.5894962486602359
ikea,0.5890475351078206
kaiser,0.5890348889895787
rockforce,0.588829071332436
amefa,0.5882352941176471
cobra,0.5876068376068376
tonybellucci,0.5874840357598978
zilmer,0.5873715124816447
nania,0.587293112653497
garant,0.5870841487279843
evelinecosmetics,0.5865102639296188
remo,0.5865102639296188
ostamebel,0.5863607393244105
thermaltake,0.5854710731068484
activision,0.5853930496190299
baden,0.5852595493375065
hotpoint-ariston,0.5848918657578831
bombcat,0.5847953216374269
dxracer,0.5841866711431929
zapfcreation,0.583941605839416
teosa,0.5834991858150895
moon,0.5834683954619124
denzel,0.5829433031585438
alcon,0.5815305885089556
leicos,0.5813953488372093
bro,0.5809128630705395
elegant,0.5808325266214909
greenway,0.5807994533652203
roborock,0.5803070011231749
wurth,0.5797680927628949
caraya,0.5797101449275363
ara,0.5797101449275363
sirius,0.5785920925747349
bsa-wheels,0.5776275007044238
beats,0.5776224773586252
serebroff,0.5774783445620789
haro,0.5768676088837612
payot,0.5758157389635317
bts,0.575769952254105
salomon,0.5749486652977412
carfashion,0.5749458874458874
schwinn,0.5747126436781609
gigazone,0.5747126436781609
kirovit,0.5747126436781609
stl,0.5747126436781609
almada,0.5740781629498786
thqnordic,0.5730659025787965
housefit,0.5730279705732171
phillips,0.572737686139748
recaro,0.5722460658082975
klx,0.5714285714285714
maxfactor,0.5714285714285714
cnd,0.570801317233809
jb,0.5698005698005698
nascitaprofessional,0.5694760820045558
ladida,0.5687520910003346
fanline,0.5687520910003346
sanita,0.5684509711037423
mak,0.5684302579798863
citizen,0.5681818181818182
gornica,0.5681818181818182
magnetta,0.5679616191583476
boccia,0.5678522362998015
irbis,0.5668965141315309
stayer,0.566150178784267
evgo,0.5649717514124294
amazon,0.5649717514124294
kovi,0.5639097744360901
mattel,0.5618866729977842
addlink,0.5617977528089888
ecosoft,0.5617977528089888
kaplanser,0.5617977528089888
appollo,0.560558172818892
fornelli,0.56002800140007
einhell,0.5599214145383103
greentek,0.5598507064782724
anskin,0.5591054313099041
rajton,0.5586592178770949
bambini,0.5580923389142567
corsair,0.5579399141630901
dji,0.5570491866695034
ride,0.5569837189374465
grohe,0.5568210579600101
pt-group,0.5556918977667146
barokko,0.5555555555555556
rossignol,0.5555555555555556
solaris,0.5547850208044383
karaja,0.5546492659053833
azbukvarik,0.5545286506469501
lord,0.5545286506469501
bayer,0.554016620498615
gionee,0.5539435505143762
versus,0.5537098560354374
gree,0.5531204341473597
festool,0.5529953917050692
sv,0.5529853815899543
matrix,0.5509775407981903
bwell,0.550314465408805
karya,0.549616380474322
miele,0.5490196078431373
permanence,0.5482456140350876
beyonce,0.547945205479452
promountain,0.547945205479452
pandora,0.5470876045177029
tamish,0.5467800729040098
ww,0.546448087431694
fit-rx,0.5460218408736349
maisonfranciskurkdjian,0.5458515283842794
ariete,0.5455067470571346
everlast,0.5454545454545455
babylisspro,0.5453467694131594
mebelgrad,0.5450581395348837
norplast,0.544959128065395
confetti,0.5449382147517078
kronospan,0.5448963929393708
oster,0.5447470817120622
tonar,0.5442176870748299
giant,0.5437469105289174
aoki,0.5434782608695652
praktik,0.5434782608695652
novline,0.5431797375648459
technomax,0.5427759110881365
ambition,0.5425709515859767
nobby,0.5423249233671305
clever,0.5420054200542005
lifedeco,0.5418422636965683
dr.hoffman,0.5412719891745602
ves,0.5410279531109108
swatch,0.5408816370684215
audison,0.5406135964319503
essence,0.5399932500843739
emsa,0.5397727272727273
sunmi,0.5394470667565745
pandect,0.5391953546246371
moldabela,0.5372763198792239
cantra,0.5369842798876842
pozis,0.5368001677500525
lumme,0.5365402405180388
vibe,0.5357142857142857
arkadia,0.535475234270415
tomahawk,0.5349552982558992
ideal,0.53475935828877
antares,0.53475935828877
liberty,0.53475935828877
goodloot,0.5346164127238706
petek,0.5332187713224331
loreal,0.532197977647685
fotorama,0.5319148936170213
teknetics,0.5319148936170213
sokany,0.5319148936170213
dreammachines,0.5319148936170213
air-cool,0.5313849219528396
artway,0.5309734513274336
scruff-a-luvs,0.5291005291005291
rial,0.5284859747952844
domini,0.528353633943696
mefro,0.5279034690799397
fisherman,0.5263157894736842
magellan,0.5261619409529378
kolner,0.5260069119916534
basik,0.5250875145857643
ferrari,0.5249343832020997
rokids,0.5245901639344263
edifier,0.5231184610192373
anex,0.5231037489102005
delimano,0.5230125523012552
elan,0.5213887901410119
cover,0.5207834116105946
syntrax,0.5205320994794679
anta,0.520431765612953
hiper,0.5195961995249406
festina,0.5189255189255189
ardahali,0.5182072829131652
manhattan,0.5181347150259068
cayee,0.5154639175257731
lysvenskieemali,0.5154639175257731
prosperplast,0.5154639175257731
ansmann,0.5146228191289067
terra,0.5140371688414392
mebels,0.513874614594039
giornonotte,0.5133267522211253
globber,0.5132254243979472
lumion,0.5128205128205128
steffilove,0.5128205128205128
arua,0.5126941089474981
boyscout,0.5124282982791587
wallberry,0.5117200396170353
lidonet,0.5115089514066496
dam,0.5106185447371475
oley,0.5082592121982211
lego,0.5076096687555953
atelier,0.5067567567567568
tristar,0.5052372150338879
atomic,0.5050505050505051
tsv,0.5050505050505051
sportop,0.5044136191677175
burgerschuhe,0.5032699775189046
rubineta,0.5015959872321021
mora,0.5015045135406219
nux,0.5012531328320802
infinitynado,0.5
pccooler,0.4995004995004995
hauck,0.4993757802746567
mercury,0.498923889649775
gaint,0.4987531172069825
parkmaster,0.49849914236706694
schaublorenz,0.4982752012265236
origins,0.49820645675567954
fiesta,0.49784268171257884
deeper,0.4976624943447444
asustor,0.4975124378109453
favourite,0.49586776859504134
roamer,0.49575070821529743
eurol,0.49566294919454773
pisen,0.49504950495049505
babykiss,0.4934210526315789
fischer,0.4914004914004914
dolcevita,0.4914004914004914
rovus,0.4914004914004914
samson,0.4911591355599214
kettler,0.4911591355599214
fitlux,0.49103574283430396
walfix,0.48912126834204755
idealspaten,0.4878048780487805
victorinox,0.4878048780487805
dub,0.48638132295719844
sospiro,0.48543689320388345
kapika,0.48528965726417955
belashoff,0.48526863084922006
neumann,0.48426150121065376
tamaris,0.48397863818424564
zalman,0.4838709677419355
mecta,0.4838709677419355
triumf,0.4838709677419355
tutis,0.48372093023255813
triton,0.48353531644020076
fossil,0.4833796848099589
elektrostandard,0.4830917874396135
kerastase,0.482315112540193
makita,0.48221482950546984
ninebot,0.4821600771456124
joerex,0.48202450291223137
whitewave,0.48192771084337355
torso,0.4815409309791332
alligator,0.4814077025232404
rebellion,0.48134777376654636
peavey,0.48104131295981895
damask,0.4807692307692308
fantasia,0.4799040191961607
boss,0.4796163069544364
babolat,0.4796163069544364
bluedio,0.4796163069544364
pangao,0.4795117698343505
forcekraft,0.4786771105308964
zinc,0.4784688995215311
zfts,0.4784688995215311
worwo,0.4784688995215311
daneildesch,0.4782321899736148
rika,0.47801147227533464
firman,0.4776579352850539
salamander,0.47598940539710566
intex,0.4756638483583651
hasbro,0.4755434782608696
greenpro,0.47393364928909953
ultraflash,0.4735595895816891
intel,0.4723005373623461
schreuders,0.47194546407970633
pulser,0.471635065207844
bestway,0.4706964117608424
wortex,0.4704498676859747
covani,0.4702744437425423
juki,0.469630557294928
yato,0.46958377801494133
bambi,0.4694835680751174
freeway,0.4694835680751174
alexrojo,0.468384074941452
biol,0.46728971962616817
franke,0.4668534080298786
optoma,0.4659590991457417
enermax,0.46547711404189296
galacticos,0.46511627906976744
ricoh,0.4631416441528367
progress,0.4629629629629629
sledopyt,0.46282904252241824
fiio,0.46218487394957986
velvet,0.45906080674292593
sabyrzhanayrin,0.4589495155532891
framesi,0.45871559633027525
hausmann,0.45799937545539715
shopkins,0.45662100456621
triumph,0.45662100456621
tarkett,0.4558115978728792
polaroid,0.4557447829215639
manke,0.4554326610279766
berghoff,0.454639865223512
elbasco,0.45454545454545453
vladi,0.45438657811953864
erichkrause,0.45385779122541603
carcam,0.45351473922902497
dickie,0.45351473922902497
centara,0.45271629778672035
futura,0.4524886877828055
laroche-posay,0.4524886877828055
estel,0.4524886877828055
secretkey,0.4524886877828055
aston,0.4519774011299435
imperia,0.451716522786589
lol,0.4513217279174726
sea-doo,0.4509582863585118
perina,0.4507888805409466
alaskaoriginale,0.45045045045045046
tenda,0.44969083754918493
gross,0.4491262453045893
codemasters,0.4484304932735426
misty,0.4484304932735426
k-lite,0.4484304932735426
karat,0.4480175224631008
hq,0.44776119402985076
biwec,0.44713308784850075
cliff,0.4464285714285714
destra,0.44568245125348194
brw,0.44546401425484844
lubimyjdom,0.4440497335701598
velvet-santiago,0.44363783020770314
elica,0.4434589800443459
rosmen,0.4424778761061947
bair,0.4424778761061947
alpika,0.44198895027624313
leco,0.44150110375275936
adidas,0.44124730046766003
smart,0.4412380430931753
henglei,0.4411764705882353
budibasa,0.4405286343612335
harp,0.43859649122807015
avina,0.43859649122807015
gemsy,0.437636761487965
joieanglia,0.43668122270742354
motivyotdyha,0.43668122270742354
bissell,0.43551088777219427
tissot,0.43501439385862034
crome,0.43478260869565216
lahn,0.43478260869565216
londa,0.43478260869565216
jkexer,0.4344677769732078
smartrike,0.4340748779164406
veho,0.43380703066566945
gainward,0.4333023831631074
absolutechampion,0.4329004329004329
scoole,0.43254933765882675
sonda,0.4319654427645789
quinny,0.4317789291882556
castorland,0.4317323259579061
leo,0.4313443565780014
heco,0.43103448275862066
ingersoll,0.43103448275862066
fubag,0.43093461841434594
trefl,0.4306632213608958
stinger,0.4291845493562232
dendy,0.4284274193548387
pierrelannier,0.4273504273504274
taller,0.4273504273504274
ovk,0.4273504273504274
mikrotik,0.42674253200568996
singer,0.4262574595055414
gamdias,0.426049908703591
eltreco,0.4258614014711576
nutrend,0.425531914893617
yamato,0.42531898924193146
koss,0.4251700680272109
dbpower,0.424929178470255
monro,0.42462845010615713
amatis,0.42440318302387264
maisto,0.4242424242424243
rubelli,0.423728813559322
citilux,0.423728813559322
kovroff,0.42316847394869084
fitchbaby,0.4231311706629055
asm,0.42194092827004215
mc,0.42194092827004215
venti,0.42194092827004215
hada,0.42194092827004215
energysistem,0.42016806722689076
derevaski,0.42016806722689076
jack,0.4200076365024819
first,0.4197939193486834
tempish,0.41899441340782123
lujun,0.41841004184100417
coolermaster,0.41841004184100417
easywalker,0.4181013280865716
juventa,0.41797283176593525
waterpik,0.4176035978156119
beurer,0.4171011470281543
derspur,0.4169562195969423
leatherman,0.41643531371460296
graphite,0.4159733777038269
rcf,0.4153686396677051
momert,0.41479433114414105
prestige,0.4146919431279621
trendbeauty,0.4140786749482402
diesel,0.41378069623099756
tarlan,0.4136504653567736
otex,0.4136504653567736
creoceramique,0.4132231404958678
mitte,0.4132231404958678
rieker,0.4131807655167109
muqajankz,0.41230574056454167
grandvictory,0.411522633744856
malva,0.411522633744856
studioprofessional,0.4112808460634548
rals,0.4111631870472944
leaderkids,0.4110393423370522
fabretti,0.41078860602129613
elna,0.41058394160583944
aqualife,0.4098360655737705
fenix,0.4091548395345864
vako,0.4082373219631679
carpet,0.40816326530612246
hercules,0.40816326530612246
koopman,0.4078188721698776
basharan,0.40774719673802245
dilis,0.4074074074074074
alutec,0.4068978880062003
baratto,0.4066985645933014
atrai,0.40650406504065045
korg,0.40629761300152356
puma,0.4056894276357593
verloni,0.40562466197944835
tuffoni,0.405214940098661
junama,0.40431266846361186
sasta,0.40398599515216804
viewsonic,0.403579575364099
meguin,0.4032258064516129
micron,0.4032258064516129
spiegelau,0.4032258064516129
internedoors,0.4031301873369694
startul,0.4025210529103331
billi,0.4024144869215292
tega,0.4022526146419952
apache,0.40222772277227725
zanussi,0.40210330961954843
nord,0.40128410914927765
divalux,0.4008016032064128
annovireverberi,0.4
rezult,0.3991130820399113
mibb,0.3988035892323031
peak,0.3973509933774834
omnimount,0.3968253968253968
renegade,0.3965107057890563
concept,0.3963011889035667
roxy,0.3962703962703963
garmin,0.3957334797686481
greyder,0.395644110514052
holiday,0.3952569169960474
netechnics,0.3923305701449092
hintek,0.39215686274509803
sportbaby,0.3917727717923604
ruike,0.3917727717923604
nyce,0.39164490861618795
blackberry,0.39149888143176736
adam,0.390625
anahickmann,0.38910505836575876
provence,0.38910505836575876
topex,0.3875968992248062
luazonlighting,0.3875968992248062
daesung,0.3868471953578337
author,0.38578680203045684
melitta,0.38565368299267255
syma,0.38541357841683965
onlitop,0.38532551978807095
egger,0.38461538461538464
waspo,0.3838771593090211
yamaguchi,0.38284839203675347
irit,0.3824091778202677
smeg,0.38160977594455436
butterfly,0.38095238095238093
dodo,0.3787878787878788
replica,0.3787878787878788
higashi,0.37831021437578816
riviera,0.37831021437578816
lotos,0.3776435045317221
maysun,0.37735849056603776
frozen,0.3771805752003772
hama,0.3770739064856712
mad,0.3770028275212064
minelab,0.37641154328732745
nillkin,0.37604456824512533
sharking,0.37593984962406013
moxom,0.37593984962406013
penny,0.37593984962406013
heyner,0.37593984962406013
erkaplan,0.3757380568974772
teyko,0.37523452157598497
kapousprofessional,0.3743916136278547
lonex,0.37433155080213903
erisson,0.3733955659276546
bentley,0.3731343283582089
flavia,0.37285607755406414
blackvue,0.3709488481062085
fila,0.3708345494188542
honhongvictorygroupltd,0.3703703703703704
levrana,0.36991368680641185
ecolab,0.3697617091207888
baige,0.36968576709796674
sevenfriday,0.36900369003690037
babygo,0.36900369003690037
loctek,0.36809815950920244
x-level,0.3675794890645102
nomad,0.3669724770642202
domasnijocag,0.36663611365719523
doogee,0.36632832175837593
estrade,0.3663003663003663
tch,0.3660489590482727
liv,0.36518563603164944
lorellibolgaria,0.36363636363636365
ant,0.3629764065335753
regatta,0.36275695284159615
hammer,0.36231884057971014
steger,0.36231884057971014
homeelement,0.36231884057971014
whirlpool,0.36228287841191065
prology,0.3619153674832962
zic,0.36127167630057805
waterworld,0.36101083032490977
k-power,0.36101083032490977
telwin,0.36101083032490977
plitex,0.36041301383206703
leica,0.36003600360036003
lux,0.3595387381067216
balta,0.35866099893730075
tamiteks,0.3584743332377402
household,0.35842293906810035
colombo,0.35842293906810035
bugati,0.35810205908683973
sibrteh,0.35787321063394684
meizer,0.35778175313059035
tools,0.35778175313059035
gladen,0.35765379113018597
bovidix,0.35765379113018597
skagen,0.3573023671281822
ecolight,0.356718192627824
garvalin,0.3566419555199359
fant-mebel,0.35650623885918004
stanley,0.35594639865996647
crockid,0.35591938425946523
volcano,0.3558718861209964
jiaxingharleybabycar,0.354295837023915
hap-p-kid,0.35398230088495575
imperial,0.3531020530496029
jade,0.3529743975903615
shimano,0.35252643948296125
wilson,0.3522677234698371
disney,0.35211267605633806
silva,0.3515500159795462
fsd,0.35149384885764495
gembird,0.35098915124441604
etalon,0.3508771929824561
beisier,0.35046728971962615
bushnell,0.3502626970227671
am.pm,0.35001750087504374
elysium,0.3500042169182761
levenhuk,0.3499922795820681
hottek,0.34934497816593885
keneksi,0.3486750348675035
sluban,0.34843205574912894
columbia,0.34699052448952356
winca,0.3463379851278395
gretsch,0.3463203463203463
celestron,0.34617048896581565
miraculous,0.34602076124567477
textura,0.34572169403630076
cablexpert,0.3455316475577195
opadiris,0.3450655624568668
standart,0.3448275862068966
memo,0.34453057708871665
mebelev,0.34423407917383825
mitre,0.34403669724770647
nikotex,0.3439052350019106
bluesonic,0.3436426116838488
toysmax,0.3436426116838488
family,0.3424657534246575
shagovita,0.3422171523384839
sunday,0.34181541967337636
thule,0.3414014969142557
hola,0.3412969283276451
lbl,0.3412969283276451
smartbuy,0.3405994550408719
senci,0.3387278885961611
wsp,0.33783783783783783
circle,0.33783783783783783
zemex,0.3366294971596886
dayun,0.3352329869259135
chairman,0.33370411568409347
kingmax,0.33333333333333337
clatronic,0.3331112591605596
nitecore,0.33277870216306155
char-broil,0.3325942350332594
cardrox,0.33222591362126247
bueno,0.33222591362126247
alpina,0.3318271674668173
sunbody,0.3314917127071823
line,0.33123550844650546
konov,0.3303964757709251
bisou,0.33003300330033003
fresh,0.33003300330033003
zegan,0.3294892915980231
info,0.3286770747740345
rheinberger,0.3286770747740345
graffiti,0.3286770747740345
lorus,0.32858707557502737
snowcap,0.32842582106455265
polti,0.3280032800328003
spur,0.3279059249208503
bose,0.3276897870016384
redbo,0.3276699029126214
merelani,0.32764972451341573
visavis,0.32743148193063304
baudet,0.3271537622682661
avaloncarpet,0.32679738562091504
wiseson,0.32573289902280134
canwood,0.32573289902280134
venta,0.3254149040026033
avalon,0.32489801812208946
salewa,0.3246753246753247
minimotors,0.3238575026988125
kisswill,0.3238341968911917
dynastar,0.3236245954692557
shoiberg,0.3228410008071025
irobot,0.3221908981071285
vmv,0.322061191626409
gracecole,0.32197477864233964
cmi,0.3215434083601286
takamine,0.3215434083601286
tramontina,0.3213220105577232
jeep,0.32124827902707664
polar,0.32087277394513075
indiana,0.3205128205128205
thrustmaster,0.31959092361776925
dell,0.3191944759813136
ship,0.3191489361702127
hangover,0.31900919497091385
mystar,0.31826861871419476
babylock,0.3179650238473768
barbie,0.3178714386625854
sti,0.31746031746031744
make-upatelier,0.31695721077654515
seintex,0.316288877174486
mio,0.31598904571308195
kmk,0.3157894736842105
shoesrepublic,0.31545741324921134
tactic,0.31496062992125984
altair,0.3146303093864709
yuandong,0.3144654088050315
proxima,0.314070351758794
peda,0.3139355456625459
audac,0.3134796238244514
t-max,0.31322785318448315
babyhit,0.312256049960968
keddo,0.3110419906687403
solomon,0.3109936246306951
radaway,0.3109729009329187
alca,0.31028368794326244
kartal,0.3102685191522369
rotor,0.30995738086013175
kontinent,0.30991735537190085
miolla,0.30959752321981426
palisad,0.30959752321981426
welly,0.30948992088974214
kolibri,0.30945013092120927
komfort-s,0.309044708467825
moliabal,0.30840400925212025
carters,0.3071715145436309
zara,0.3067484662576687
bravo,0.3063993696927252
wella,0.3048780487804878
crosby,0.3043037240979568
soundking,0.3042596348884381
zoom,0.30349013657056145
hitachi,0.303270994295617
behringer,0.3023105160872382
sufix,0.3021148036253776
tako,0.3021148036253776
norfin,0.3020299220341364
cafemimi,0.301659125188537
fissman,0.3
kress,0.29895366218236175
berkley,0.29880478087649404
marcomenti,0.29866117404737386
mcculloch,0.2985074626865672
afox,0.29791459781529295
native,0.29785121622579963
klever,0.2976190476190476
bohemian,0.2967359050445104
meade,0.2965159377316531
adriatica,0.2965043695380774
brizoll,0.2949852507374631
ombra,0.2943650126156434
korting,0.2942618930848455
kari,0.29411764705882354
siberia,0.29411764705882354
kyocera,0.29411764705882354
vossen,0.29402156158118264
liebherr,0.29394473838918284
quechua,0.2931323283082077
asics,0.29297769096957305
zongshen,0.29282576866764276
amen,0.29239766081871343
millet,0.29239766081871343
dion,0.29219932168014606
edox,0.2921129503407984
playgro,0.2915451895043732
roncato,0.29079337210578293
romer,0.29069767441860467
global,0.29027576197387517
nike,0.2902616168207666
bellamebel,0.29015190305512883
viessmann,0.2901353965183753
kona,0.2898550724637681
forza,0.28950542822677927
aksion,0.2890173410404624
kovea,0.2885408079142622
alser,0.28735632183908044
robertobravo,0.28699426011479773
yacco,0.2869244432299494
gaga,0.28680688336520077
os,0.28612303290414876
vectron,0.28585040495474034
puckator,0.2856515051637003
mima,0.28561228132809713
eco,0.2852253280091272
pro-karaoke,0.28520499108734404
mateus,0.28506271379703535
biolane,0.2846299810246679
hartan,0.2840909090909091
dcshoes,0.28368794326241137
ryobi,0.28348688873139616
tobot,0.2814636107760354
targus,0.2808988764044944
sly,0.2808002808002808
picard,0.2801206673644031
biomecanics,0.2801120448179272
halmar,0.27932960893854747
stikbot,0.27932960893854747
wincars,0.2791996277338297
geitaran,0.2789400278940028
klorane,0.27803521779425394
zinvo,0.27739251040221913
stalker,0.27739251040221913
cinemood,0.2766251728907331
nubia,0.27613412228796846
mastela,0.27502750275027504
borasco,0.27472527472527475
ikkm,0.27472527472527475
estomoda,0.273972602739726
molten,0.273972602739726
listvig,0.2733734281027884
kink,0.2733485193621868
nerf,0.273224043715847
pequetren,0.27272727272727276
iiyama,0.27230833682446587
synology,0.27210884353741494
nik,0.27192386131883073
ferrino,0.2718695026387334
arcodoro,0.2717391304347826
laufen,0.27100271002710025
vtech,0.2706359945872801
labo,0.2695417789757413
belcat,0.2695417789757413
mrm-power,0.2695417789757413
genebre,0.2679528403001072
lezard,0.26785714285714285
micro,0.26785714285714285
teka,0.2678354029705381
cartier,0.26697992310978214
electro-voice,0.26605853287723297
marta,0.2658564375237372
krasatoys,0.26472534745201853
mebelazii,0.26448029621793173
wuw,0.26420079260237783
crane,0.2633889376646181
evrodetal,0.2633889376646181
aquatic,0.2631578947368421
boarteks,0.26246719160104987
dormeo,0.26246719160104987
allvega,0.2607561929595828
milano,0.25951557093425603
teorema,0.2590673575129534
estap,0.2583979328165375
mebelservice,0.25806451612903225
tmnt,0.2574002574002574
omabelle,0.2572868321736473
capella,0.2564102564102564
toyland,0.2564102564102564
bkf,0.25510204081632654
dekok,0.25493945188017847
crunch,0.2544529262086514
merealni,0.2544529262086514
bumbleride,0.2544529262086514
demiray,0.25406504065040647
remonte,0.2534140504012389
samsonite,0.25252525252525254
colorful,0.25210084033613445
kingsong,0.25210084033613445
russia,0.2518891687657431
dls,0.2517834662190516
thorvik,0.25157232704402516
legrand,0.25125628140703515
hycell,0.25078369905956116
vitebskiekovry,0.24831500532103584
cayin,0.24813895781637718
greentrees,0.24813895781637718
geoffanderson,0.24813895781637718
arsi,0.24780355936021625
dk,0.24759284731774417
kronwerk,0.24752475247524752
sacvoyage,0.2471169686985173
prc,0.24691358024691357
vobix,0.2466091245376079
prestiz,0.24600246002460024
ildi,0.2457002457002457
omoikiri,0.24544179523141654
momentum,0.24489795918367346
welss,0.24487691712849594
polarring,0.24390243902439024
conceptclub,0.24292088066916606
shiraz,0.24264482863208978
outwell,0.24189646831156267
gelflex,0.24154589371980675
markbass,0.24154589371980675
dirkje,0.2407704654895666
berkut,0.2407566638005159
maxi-cosi,0.24063251976624267
mapex,0.2403846153846154
ag,0.2403846153846154
lolsurprise,0.2398081534772182
stavr,0.2398081534772182
malushen,0.23969319271332695
elitech,0.23923444976076555
eltex,0.23894862604540024
kampfer,0.23894862604540024
daiwa,0.23845007451564829
siee,0.2380952380952381
sinusprofi,0.23696682464454977
yh,0.2364066193853428
mstar,0.2358490566037736
inkax,0.23551577955723035
stokke,0.23492560689115116
blam,0.23356690023356688
autovirazh,0.23264831329972857
dowontec,0.23201856148491878
berber,0.2317497103128621
dragonfly,0.23148148148148145
ipipoo,0.23094688221709006
prologic,0.23088340388104006
cube,0.23078032597721046
jonnesway,0.23059185242121444
naturehike,0.23049860487686522
jetem,0.2304147465437788
huntsman,0.2304147465437788
imax,0.22988505747126436
rozenbal,0.22982635342185903
carrera,0.22779043280182232
cezaris,0.22758306781975418
merry,0.22753128555176336
mebberi,0.22744503411675512
kromax,0.22727272727272727
minimen,0.22710068130204392
stryj,0.22675736961451248
agatharuizdelaprada,0.22613065326633164
didistyle,0.2254283137962128
airwheel,0.22471910112359553
ken,0.22471910112359553
kuppersberg,0.2242870874719641
parklon,0.2242152466367713
namazu,0.22371364653243847
spalding,0.22371364653243847
guliver,0.22371364653243847
suunto,0.22356143079315707
arena,0.22275849266753298
bot,0.22271714922048996
jasic,0.22243848185736131
osman,0.22228808535862477
superwings,0.2222222222222222
luris,0.22087244616234128
mebelson,0.21938988717091515
inglesina,0.21938571998404466
oxygen,0.21929824561403508
cavaletto,0.21921812203142127
poholy,0.21905805038335158
ecoterm,0.2188183807439825
oralcare,0.2185792349726776
flashpoint,0.21739130434782608
slider,0.21645021645021645
kapous,0.21452650934722645
gys,0.21436227224008575
coccinelle,0.21420332839017958
lenso,0.21413276231263384
gipfel,0.2139741585054728
otan,0.21354484441732766
akvarel,0.21220159151193632
ollin,0.21164021164021166
legeartis,0.21146616541353383
jordan,0.21032376434788444
vaude,0.21008403361344538
neo,0.2098085496984002
cralusso,0.20964360587002098
aileron,0.20920502092050208
wangfeng,0.20876826722338201
catunltd,0.2081887578070784
caprice,0.20753038837829826
touchbeauty,0.20739716557207052
gerat,0.2073346116970278
sunsuki,0.20725388601036268
kiddy,0.2070393374741201
claudebernard,0.20491803278688525
prolike,0.20463847203274216
soundstream,0.20202020202020202
milwaukee,0.20163548784586086
verdi,0.20107238605898123
banbao,0.2004008016032064
devente,0.2004008016032064
yokatta,0.2
mz,0.19954389965792474
emer,0.19860973187686196
cannondale,0.1976284584980237
doubleeagle,0.1976284584980237
denon,0.19646365422396855
fancy,0.19584468664850135
a-elita,0.1953125
merzuka,0.1949317738791423
yoga,0.19398642095053348
trek,0.1936619718309859
moose,0.19342359767891684
clarion,0.19220208676551345
lutian,0.19193857965451055
etro,0.19083969465648853
dynacord,0.1905972045743329
fisherprice,0.18987341772151897
aorus,0.1892147587511826
pablosky,0.18868886735682594
novatex,0.18723404255319148
romack,0.18656716417910446
coolfort,0.18534777094917568
google,0.18528866798035354
milavitsa,0.18477553675992192
tisa,0.18467220683287164
pinskdrev,0.18368381048897897
bessey,0.1834862385321101
viking,0.18327605956471935
vip,0.18315018315018314
cam,0.18126888217522658
merrylock,0.18083182640144665
scher-khan,0.18083182640144665
marcotozzipremio,0.1798561151079137
pensofal,0.17937219730941703
maman,0.17921146953405018
chub,0.177999288002848
speroni,0.1779359430604982
akvaton,0.1776416539050536
quiksilver,0.1773049645390071
tundra,0.1772421127259837
realflame,0.1763668430335097
signal,0.17628911414720141
greentree,0.17605633802816903
febest,0.1752972947363434
yvesrocher,0.17467248908296942
gerbor,0.17436791630340018
algotherm,0.1736111111111111
metrot,0.1735106998264893
neman,0.17346053772766695
basic,0.17321016166281755
babyzz,0.17319016279875304
stinol,0.17301038062283738
schneider,0.17135023989033585
aces,0.17123287671232876
karapuz,0.17094017094017094
sima-land,0.17064846416382254
shua,0.17055144968732233
dariush,0.17035775127768313
tyr,0.1694915254237288
mebberykz,0.16906170752324598
qcyber,0.16835016835016833
rasch,0.16835016835016833
hobot,0.16789791806581597
bona,0.16750418760469013
metabo,0.16706952936158112
sibirskietovary,0.16666666666666669
amouage,0.16664021583875577
altinbasak,0.16611295681063123
jarko,0.16611295681063123
nobu,0.16556291390728478
royal,0.16534391534391535
converse,0.16411378555798686
romax,0.16289592760180996
poli,0.16286644951140067
flambeau,0.16239038648911985
hayali,0.15913008884763294
wk,0.15772870662460567
alpicool,0.1564945226917058
poopsie,0.15608740894901144
cameron,0.15479876160990713
jupiter,0.15432098765432098
aquavis,0.15408320493066258
avis,0.1537672988211174
graco,0.1514004542013626
oris,0.1510737023848063
kitchenaid,0.15043394406943103
grandstil,0.15015015015015015
wilo,0.14970059880239522
visage,0.14958863126402394
valberg,0.14947683109118087
noryalli,0.14627011214041932
tognana,0.14542810398109435
sheffilton,0.14534883720930233
mido,0.14466546112115733
ardell,0.1445086705202312
anreks,0.14388489208633093
telefunken,0.143184421534937
eskar,0.14306151645207438
roca,0.14269406392694062
a-derma,0.14184397163120568
pintinox,0.14174344436569808
husky,0.141643059490085
feron,0.14124293785310735
rado,0.14108352144469527
louiserard,0.14104372355430184
ibaby,0.14091122592766556
temp,0.1400560224089636
incar,0.14003150708909506
tomfarr,0.13919484858021253
alterna,0.13914656771799627
wester,0.13850415512465375
harley-davidson,0.13832946824525
bresser,0.13777900248002206
maak,0.13736263736263737
rivalli,0.13726835964310227
kef,0.136986301369863
mekkan,0.1366120218579235
plano,0.13550135501355012
obi,0.1352569882777277
pedrollo,0.13498920086393087
blueseven,0.134748189321206
witerra,0.13453776667307324
gt,0.13398838767306834
simba,0.1336898395721925
segway,0.13301409949454643
playmates,0.13210039630118892
can-am,0.1319719385983191
coleman,0.13130252100840337
weber,0.1310615989515072
brevi,0.13097576948264572
wethepeople,0.1303780964797914
hifiman,0.1303780964797914
optimus,0.13020833333333331
kraftool,0.12944983818770225
airline,0.12939958592132506
lange,0.129366106080207
jura,0.12931830777757253
leem,0.1291322314049587
specialized,0.12903225806451613
broomer,0.12861736334405144
smoby,0.1274426508071368
lanard,0.12610340479192939
helvetia,0.12598425196850394
trollbeads,0.1259283177268324
fitbit,0.1256055984209582
easycamp,0.12531328320802004
pinus,0.12484394506866417
gardena,0.12366034624896949
aolais,0.12330456226880394
bruder,0.12325390304026293
motorguide,0.12192643771591138
annaanna,0.12061960385982733
hairdorables,0.11947431302270012
greenpan,0.11942675159235669
josephjoseph,0.11933174224343676
mydean,0.11933174224343676
balterio,0.11904761904761905
vipe,0.11771630370806356
lefard,0.117096018735363
ats,0.11677695601401324
cameo,0.11614401858304298
plantex,0.11574074074074073
gulliver,0.11527727217570682
stolplit,0.11373688866422343
deuter,0.11325028312570783
vans,0.11261261261261261
carpisa,0.11261261261261261
remix,0.11219147344801794
rosato,0.11148272017837235
soyntec,0.11123470522803114
longines,0.11119564581260609
silhouette,0.10905125408942204
seiko,0.10877750815831311
traser,0.10851871947911015
rubiks,0.10845986984815618
grillver,0.10825858335910918
ski-doo,0.10794036294947043
helfer,0.10712372790573112
comma,0.10672358591248667
tec,0.10610079575596816
ourgeneration,0.10570824524312897
silapro,0.10482180293501049
babywood,0.10471204188481677
babybotte,0.1045244139166791
dune,0.10449320794148381
spaquatoria,0.10395010395010396
powertec,0.10144559979710879
embawood,0.10131712259371835
bafang,0.10052777079668257
lubereckiekovry,0.10030090270812438
wowwee,0.09980039920159679
metalions,0.09910802775024777
sigma,0.0976324139614352
apex,0.09727626459143969
koffer,0.09699321047526674
karmen,0.09685230024213075
tesoro,0.09657170449058425
dulevskijfarfor,0.09551098376313276
ezetil,0.09497578117580018
mantra,0.09367054730362638
moov,0.09358914365933552
bohemia,0.09326424870466321
basaran,0.09250693802035154
milat,0.09081002542680712
blanco,0.09021199819576003
silverlit,0.08977164338214666
goodram,0.08873114463176575
bugatti,0.08771929824561403
rcr,0.0876424189307625
scott,0.08761682242990654
alexika,0.08756567425569177
dobrusskijfarforovyjzavod,0.08683068017366136
la-di-da,0.08620689655172414
micromax,0.08532423208191127
doohan,0.08507018290089324
calligrata,0.08438818565400844
omero,0.08319467554076539
genlog,0.08288437629506838
breezeboat,0.08223684210526315
xxr,0.08213552361396304
scierra,0.08183306055646482
cowon,0.08110300081103002
yema,0.08078849571820973
devos,0.08058017727639001
jasmine,0.07997867235403892
farcar,0.0794912559618442
greenbike,0.07945967421533572
noppies,0.07713760161395597
parrot,0.07698229407236336
cobi,0.07633587786259542
handwers,0.07516913054372337
egreat,0.07380073800738007
firepower,0.07380073800738007
obsessive,0.07099751508697195
sterntaler,0.07037297677691766
neva,0.0683526999316473
carlsbad,0.06729475100942127
masei,0.06708407871198568
kuppersbusch,0.06215040397762585
duo,0.06176652254478073
humminbird,0.05952380952380953
novigo,0.05901445854234287
aerosystem,0.05534034311012728
chopard,0.05327650506126798
domcraft,0.051334702258726904
kaemingk,0.048947626040137054
weekend,0.047286913346731296
dometic,0.046143197723602244
keenway,0.04512635379061372
kubanfarfor,0.044543429844097995
peruzzo,0.04093327875562833
preciosa,0.036231884057971016
nanga,0.03557452863749555
persona,0.031002945279801578
steelflex,0.02735229759299781
betsy,0.025660764690787787
agl,0.025207965717166627
certina,0.017739932588256166
